3168208328.000000, 1.220513,2595800021,na,na,na,na,na,na,na,na,na,na,na,na,na,3168208328,na,1228906766,74362898,10069055,9873018,na,na,na,na,na,33253,92,na,na,na,na,na,na,na,na,na,na,na,na,na,na,na,na,na,na,na,na,na,na,5
3184959519.000000, 1.216010,2619188878,na,na,na,na,na,36696185,na,197331166,na,na,na,na,0,3184959519,na,1234918830,na,11944777,na,na,na,na,na,na,na,na,na,na,na,na,na,na,na,na,na,na,na,na,na,na,na,na,na,na,na,na,na,na,5
3183611437.000000, 1.213061,2624443947,898764113,56232416,na,na,na,na,na,na,na,na,na,na,na,3183611437,na,na,na,na,na,na,na,na,na,na,na,na,na,na,na,na,na,na,na,na,na,na,na,1507484084,2792680,898736190,8098544,na,na,na,na,na,na,na,5
3232497458.000000, 1.208669,2674428193,na,na,na,na,na,42344483,na,209992977,na,na,na,na,0,3232497458,na,1263394408,na,13743654,na,na,na,na,na,na,na,na,na,na,na,na,na,na,na,na,na,na,na,na,na,na,na,na,na,na,na,na,na,na,5
3260167704.000000, 1.213809,2685899150,na,na,na,na,na,na,na,na,44044043,866465,na,na,na,3260167704,na,na,na,na,na,na,na,na,na,na,na,na,na,na,na,na,1190418292,na,na,na,na,na,na,na,na,na,na,na,na,0,1029464768,315467668,na,na,5
3225637346.000000, 1.195687,2697727127,na,60734575,19040965,24862765,na,na,na,na,na,na,na,na,na,3225637346,na,na,na,na,na,na,na,283937,na,na,na,na,na,na,na,na,na,na,na,na,na,na,na,na,na,na,na,24494505,14018,na,na,na,na,na,5
3254048741.000000, 1.205462,2699419974,na,na,na,na,na,na,na,na,na,na,1089778417,24011264,na,3254048741,na,na,na,na,na,na,na,na,na,na,na,na,na,na,na,na,na,1,1131004,396464923,na,na,na,na,na,na,na,na,na,na,na,na,3254048456,na,5
3302067242.000000, 1.215718,2716146544,na,57173392,16849304,23133609,na,na,na,na,na,na,na,na,na,3302067242,na,na,na,na,na,na,na,281336,na,na,na,na,na,na,na,na,na,na,na,na,na,na,na,na,na,na,na,21765089,15864,na,na,na,na,na,5
3312324143.000000, 1.207420,2743307213,na,na,na,na,388367503,na,8596885,na,na,na,na,na,na,3312324143,na,na,na,na,na,na,na,na,na,na,na,na,47857920,24767421,70274,na,na,na,na,na,na,na,na,na,na,na,na,na,na,na,na,na,na,na,5
3401029050.000000, 1.228129,2769277649,na,na,na,na,na,na,na,na,na,na,na,na,na,3401029050,na,na,na,na,na,na,na,na,na,na,na,na,na,na,na,1040285384,na,na,1204379,415268253,609190151,633941620,63954312,na,na,na,na,na,na,na,na,na,na,na,5
3403766643.000000, 1.225882,2776586624,na,na,na,na,na,na,na,na,na,na,na,na,na,3403766643,6360975698,1318754349,80666844,11111031,na,na,na,na,350464,na,na,na,na,na,na,na,na,na,na,na,na,na,na,na,na,na,na,na,na,na,na,na,na,172003866,5
3351032004.000000, 1.206876,2776617224,945921510,58923389,na,na,na,na,na,na,na,na,na,na,na,3351032004,na,na,na,na,na,na,na,na,na,na,na,na,na,na,na,na,na,na,na,na,na,na,na,1574716662,2931604,945891812,8568123,na,na,na,na,na,na,na,5
3384266433.000000, 1.209457,2798169341,na,na,na,na,na,na,na,na,na,na,na,na,na,3384266433,na,1321670564,na,na,na,6312236,7871350,na,377020,11592244,na,na,na,na,na,na,na,na,na,na,na,na,na,na,na,955261700,na,na,na,na,na,na,na,na,5
3431134648.000000, 1.217572,2818014818,na,na,na,na,na,na,na,na,na,na,na,na,na,3431134648,na,na,na,na,na,na,na,na,na,na,na,na,na,na,na,1050925803,na,na,1197937,418250161,614433536,639777661,63831998,na,na,na,na,na,na,na,na,na,na,na,5
3441490005.000000, 1.214831,2832895721,na,na,na,na,na,na,na,na,51307160,865271,na,na,na,3441490005,na,na,na,na,na,na,na,na,na,na,na,na,na,na,na,na,1257926677,na,na,na,na,na,na,na,na,na,na,na,na,0,1088924822,333494171,na,na,5
3463729561.000000, 1.216098,2848232004,na,na,na,na,382054905,na,9262964,na,na,na,na,na,na,3463729561,na,na,na,na,na,na,na,na,na,na,na,na,44093668,18656568,72269,na,na,na,na,na,na,na,na,na,na,na,na,na,na,na,na,na,na,na,5
3168189276.000000, 1.219603,2597721049,na,na,na,na,na,na,na,na,na,na,na,na,na,3168189276,na,1229827245,na,na,na,4315306,5784406,na,345696,7280749,na,na,na,na,na,na,na,na,na,na,na,na,na,na,na,894125635,na,na,na,na,na,na,na,na,5
3184960325.000000, 1.216348,2618461587,na,na,na,na,na,na,na,na,na,na,1077213380,23985195,na,3184960325,na,na,na,na,na,na,na,na,na,na,na,na,na,na,na,na,na,0,1105973,387582986,na,na,na,na,na,na,na,na,na,na,na,na,3184958126,na,5
3183619027.000000, 1.213257,2624027541,na,na,na,na,357464831,na,8286502,na,na,na,na,na,na,3183619027,na,na,na,na,na,na,na,na,na,na,na,na,41683931,18595213,63219,na,na,na,na,na,na,na,na,na,na,na,na,na,na,na,na,na,na,na,5
3232443475.000000, 1.209651,2672212011,na,na,na,na,na,na,na,na,na,na,1088130173,24547037,na,3232443475,na,na,na,na,na,na,na,na,na,na,na,na,na,na,na,na,na,0,1139014,394717631,na,na,na,na,na,na,na,na,na,na,na,na,3232443190,na,5
3254013329.000000, 1.216750,2674349221,na,na,na,na,na,na,na,na,na,na,na,na,na,3254013329,na,1263918714,75736155,11734850,9452460,na,na,na,na,na,31756,65,na,na,na,na,na,na,na,na,na,na,na,na,na,na,na,na,na,na,na,na,na,na,5
3260170685.000000, 1.213867,2685771946,na,na,na,na,na,na,na,na,na,na,na,na,na,3260170685,6131437871,1266067375,76350870,13118879,na,na,na,na,362583,na,na,na,na,na,na,na,na,na,na,na,na,na,na,na,na,na,na,na,na,na,na,na,na,188030850,5
3225647079.000000, 1.197584,2693461684,na,na,na,na,na,40208177,na,210157733,na,na,na,na,0,3225647079,na,1271564708,na,14486254,na,na,na,na,na,na,na,na,na,na,na,na,na,na,na,na,na,na,na,na,na,na,na,na,na,na,na,na,na,na,5
3302067321.000000, 1.215642,2716314657,na,na,na,na,na,38032665,na,207980215,na,na,na,na,0,3302067321,na,1281601412,na,13678682,na,na,na,na,na,na,na,na,na,na,na,na,na,na,na,na,na,na,na,na,na,na,na,na,na,na,na,na,na,na,5
3312286169.000000, 1.208006,2741946237,na,na,na,na,na,na,na,na,49117698,879167,na,na,na,3312286169,na,na,na,na,na,na,na,na,na,na,na,na,na,na,na,na,1210336934,na,na,na,na,na,na,na,na,na,na,na,na,0,1047086692,320167931,na,na,5
3401083910.000000, 1.228056,2769485210,959940800,61155236,na,na,na,na,na,na,na,na,na,na,na,3401083910,na,na,na,na,na,na,na,na,na,na,na,na,na,na,na,na,na,na,na,na,na,na,na,1603658345,3111767,959909768,8546115,na,na,na,na,na,na,na,5
3403749547.000000, 1.225662,2777069941,na,na,na,na,na,na,na,na,na,na,na,na,na,3403749547,na,na,na,na,na,na,na,na,na,na,na,na,na,na,na,1041970595,na,na,1207872,416251030,610339277,635220503,64173810,na,na,na,na,na,na,na,na,na,na,na,5
3351112838.000000, 1.201811,2788385857,na,na,na,na,397070444,na,8876045,na,na,na,na,na,na,3351112838,na,na,na,na,na,na,na,na,na,na,na,na,48294083,25574476,74989,na,na,na,na,na,na,na,na,na,na,na,na,na,na,na,na,na,na,na,5
3384261425.000000, 1.207593,2802485293,na,59940246,18217387,24007753,na,na,na,na,na,na,na,na,na,3384261425,na,na,na,na,na,na,na,445711,na,na,na,na,na,na,na,na,na,na,na,na,na,na,na,na,na,na,na,22767091,15891,na,na,na,na,na,5
3431124919.000000, 1.217565,2818022213,968538749,60693207,na,na,na,na,na,na,na,na,na,na,na,3431124919,na,na,na,na,na,na,na,na,na,na,na,na,na,na,na,na,na,na,na,na,na,na,na,1624506885,2939019,968508355,8695892,na,na,na,na,na,na,na,5
3441488607.000000, 1.214619,2833390023,na,na,na,na,na,na,na,na,na,na,na,na,na,3441488607,6468788444,1335203784,79979542,11913127,na,na,na,na,375359,na,na,na,na,na,na,na,na,na,na,na,na,na,na,na,na,na,na,na,na,na,na,na,na,204409097,5
3463711625.000000, 1.216416,2847473076,na,na,na,na,na,na,na,na,49690724,939809,na,na,na,3463711625,na,na,na,na,na,na,na,na,na,na,na,na,na,na,na,na,1265276771,na,na,na,na,na,na,na,na,na,na,na,na,0,1094427649,335277138,na,na,5
3168188038.000000, 1.218475,2600126587,na,57063275,17579454,22718303,na,na,na,na,na,na,na,na,na,3168188038,na,na,na,na,na,na,na,339169,na,na,na,na,na,na,na,na,na,na,na,na,na,na,na,na,na,na,na,21697748,14272,na,na,na,na,na,5
3184979604.000000, 1.216095,2619022020,na,na,na,na,na,na,na,na,na,na,na,na,na,3184979604,na,1234615508,74027850,11944369,10094381,na,na,na,na,na,30897,101,na,na,na,na,na,na,na,na,na,na,na,na,na,na,na,na,na,na,na,na,na,na,5
3183624309.000000, 1.212466,2625742297,na,na,na,na,na,na,na,na,45609881,865694,na,na,na,3183624309,na,na,na,na,na,na,na,na,na,na,na,na,na,na,na,na,1162597552,na,na,na,na,na,na,na,na,na,na,na,na,0,1006962969,308410658,na,na,5
3225631641.000000, 1.207442,2671458380,na,na,na,na,na,na,na,na,na,na,1085677030,24146330,na,3225631641,na,na,na,na,na,na,na,na,na,na,na,na,na,na,na,na,na,1,1120662,392849710,na,na,na,na,na,na,na,na,na,na,na,na,3225631443,na,5
3254012309.000000, 1.216232,2675487469,na,na,na,na,na,na,na,na,na,na,na,na,na,3254012309,na,1264759259,na,na,na,4396724,7339418,na,347307,8108000,na,na,na,na,na,na,na,na,na,na,na,na,na,na,na,918585072,na,na,na,na,na,na,na,na,5
3232473825.000000, 1.209577,2672400372,na,na,na,na,na,na,na,na,na,na,na,na,na,3232473825,na,1262515726,75979194,13740963,19139213,na,na,na,na,na,35759,94,na,na,na,na,na,na,na,na,na,na,na,na,na,na,na,na,na,na,na,na,na,na,5
3260189085.000000, 1.215857,2681392305,na,na,na,na,na,na,na,na,na,na,na,na,na,3260189085,na,na,na,na,na,na,na,na,na,na,na,na,na,na,na,996311766,na,na,1141141,397124407,583194410,607105364,60766779,na,na,na,na,na,na,na,na,na,na,na,5
3302132598.000000, 1.215240,2717267112,na,na,na,na,na,na,na,na,na,na,1120825164,24815269,na,3302132598,na,na,na,na,na,na,na,na,na,na,na,na,na,na,na,na,na,1,1142700,401406139,na,na,na,na,na,na,na,na,na,na,na,na,3302132139,na,5
3312315167.000000, 1.206383,2745658662,na,na,na,na,na,na,na,na,na,na,na,na,na,3312315167,6260830603,1295897218,76999133,14258141,na,na,na,na,369788,na,na,na,na,na,na,na,na,na,na,na,na,na,na,na,na,na,na,na,na,na,na,na,na,198669570,5
3403765756.000000, 1.225967,2776393426,960676174,60661825,na,na,na,na,na,na,na,na,na,na,na,3403765756,na,na,na,na,na,na,na,na,na,na,na,na,na,na,na,na,na,na,na,na,na,na,na,1605578695,3006101,960645208,8567434,na,na,na,na,na,na,na,5
3401047424.000000, 1.224270,2778021671,na,na,na,na,342987029,na,9281938,na,na,na,na,na,na,3401047424,na,na,na,na,na,na,na,na,na,na,na,na,41554121,19631475,59152,na,na,na,na,na,na,na,na,na,na,na,na,na,na,na,na,na,na,na,5
3351160909.000000, 1.198220,2796782760,na,na,na,na,na,na,na,na,50000863,927644,na,na,na,3351160909,na,na,na,na,na,na,na,na,na,na,na,na,na,na,na,na,1225295751,na,na,na,na,na,na,na,na,na,na,na,na,0,1064369006,327192177,na,na,5
3384285854.000000, 1.206460,2805137889,na,na,na,na,na,43572519,na,224617984,na,na,na,na,0,3384285854,na,1324904733,na,14200528,na,na,na,na,na,na,na,na,na,na,na,na,na,na,na,na,na,na,na,na,na,na,na,na,na,na,na,na,na,na,5
3431195464.000000, 1.217362,2818550265,na,na,na,na,377136573,na,9183229,na,na,na,na,na,na,3431195464,na,na,na,na,na,na,na,na,na,na,na,na,43309583,19440666,61109,na,na,na,na,na,na,na,na,na,na,na,na,na,na,na,na,na,na,na,5
3441496889.000000, 1.214992,2832527184,na,na,na,na,na,na,na,na,na,na,na,na,na,3441496889,na,na,na,na,na,na,na,na,na,na,na,na,na,na,na,1054972263,na,na,1191689,419051720,616188712,641739921,63625858,na,na,na,na,na,na,na,na,na,na,na,5
3463761579.000000, 1.215709,2849169216,na,na,na,na,na,na,na,na,na,na,na,na,na,3463761579,6505195679,1344102526,80799751,10818337,na,na,na,na,387306,na,na,na,na,na,na,na,na,na,na,na,na,na,na,na,na,na,na,na,na,na,na,na,na,203601687,5
3185008939.000000, 1.215183,2621010845,na,na,na,na,na,na,na,na,na,na,na,na,na,3185008939,na,1235536812,na,na,na,4724205,7238868,na,355507,8292095,na,na,na,na,na,na,na,na,na,na,na,na,na,na,na,899060882,na,na,na,na,na,na,na,na,5
3183705655.000000, 1.213643,2623264804,na,na,na,na,na,na,na,na,na,na,na,na,na,3183705655,5986673031,1237411629,74054925,11137923,na,na,na,na,359521,na,na,na,na,na,na,na,na,na,na,na,na,na,na,na,na,na,na,na,na,na,na,na,na,189136571,5
3168213519.000000, 1.207578,2623609273,na,na,na,na,na,37688271,na,186274181,na,na,na,na,0,3168213519,na,1239548103,na,10117806,na,na,na,na,na,na,na,na,na,na,na,na,na,na,na,na,na,na,na,na,na,na,na,na,na,na,na,na,na,na,5
3254030322.000000, 1.217566,2672570710,na,57617886,17796444,22843177,na,na,na,na,na,na,na,na,na,3254030322,na,na,na,na,na,na,na,406733,na,na,na,na,na,na,na,na,na,na,na,na,na,na,na,na,na,na,na,21373170,14491,na,na,na,na,na,5
3225662373.000000, 1.204968,2676968404,na,na,na,na,na,na,na,na,na,na,na,na,na,3225662373,na,1264853382,74938164,14504268,18627514,na,na,na,na,na,31514,96,na,na,na,na,na,na,na,na,na,na,na,na,na,na,na,na,na,na,na,na,na,na,5
3232511835.000000, 1.205900,2680579422,na,na,na,na,na,na,na,na,na,na,na,na,na,3232511835,na,1266214889,na,na,na,6082321,7651483,na,362596,11223259,na,na,na,na,na,na,na,na,na,na,na,na,na,na,na,912318898,na,na,na,na,na,na,na,na,5
3260188509.000000, 1.214411,2684583378,920272842,57429432,na,na,na,na,na,na,na,na,na,na,na,3260188509,na,na,na,na,na,na,na,na,na,na,na,na,na,na,na,na,na,na,na,na,na,na,na,1536713526,3099353,920243691,8284125,na,na,na,na,na,na,na,5
3302086753.000000, 1.208784,2731741566,na,na,na,na,na,na,na,na,na,na,na,na,na,3302086753,na,1288146659,76656486,13688282,9682630,na,na,na,na,na,31899,106,na,na,na,na,na,na,na,na,na,na,na,na,na,na,na,na,na,na,na,na,na,na,5
3312374477.000000, 1.204719,2749500256,na,na,na,na,na,na,na,na,na,na,na,na,na,3312374477,na,na,na,na,na,na,na,na,na,na,na,na,na,na,na,1016206598,na,na,1150019,403244910,592902065,617577226,61276464,na,na,na,na,na,na,na,na,na,na,na,5
3403777604.000000, 1.225578,2777283755,na,na,na,na,348123480,na,9332075,na,na,na,na,na,na,3403777604,na,na,na,na,na,na,na,na,na,na,na,na,41552968,18508958,66641,na,na,na,na,na,na,na,na,na,na,na,na,na,na,na,na,na,na,na,5
3351191980.000000, 1.201667,2788785943,na,na,na,na,na,na,na,na,na,na,na,na,na,3351191980,6346285864,1313760613,78235742,14308866,na,na,na,na,386182,na,na,na,na,na,na,na,na,na,na,na,na,na,na,na,na,na,na,na,na,na,na,na,na,200053221,5
3401588193.000000, 1.216292,2796688040,na,na,na,na,na,na,na,na,48711471,1069874,na,na,na,3401588193,na,na,na,na,na,na,na,na,na,na,na,na,na,na,na,na,1243526158,na,na,na,na,na,na,na,na,na,na,na,na,0,1078560968,334787954,na,na,5
3431222242.000000, 1.217070,2819247430,na,na,na,na,na,na,na,na,50892880,976924,na,na,na,3431222242,na,na,na,na,na,na,na,na,na,na,na,na,na,na,na,na,1254208506,na,na,na,na,na,na,na,na,na,na,na,na,0,1082801126,331599121,na,na,5
3384286557.000000, 1.198181,2824521244,na,na,na,na,na,na,na,na,na,na,1131961547,25275836,na,3384286557,na,na,na,na,na,na,na,na,na,na,na,na,na,na,na,na,na,0,1176604,412280553,na,na,na,na,na,na,na,na,na,na,na,na,3384286359,na,5
3441534871.000000, 1.213208,2836721704,971601183,60886318,na,na,na,na,na,na,na,na,na,na,na,3441534871,na,na,na,na,na,na,na,na,na,na,na,na,na,na,na,na,na,na,na,na,na,na,na,1624590769,3124835,971570708,8753594,na,na,na,na,na,na,na,5
3463819240.000000, 1.215958,2848634194,na,na,na,na,na,na,na,na,na,na,na,na,na,3463819240,na,na,na,na,na,na,na,na,na,na,na,na,na,na,na,1060760341,na,na,1200858,421740787,619732492,645531452,64242095,na,na,na,na,na,na,na,na,na,na,na,5
3183620623.000000, 1.214352,2621662608,na,na,na,na,na,na,na,na,na,na,na,na,na,3183620623,na,na,na,na,na,na,na,na,na,na,na,na,na,na,na,974973743,na,na,1105697,387330342,569407853,593132950,58880889,na,na,na,na,na,na,na,na,na,na,na,5
3169130311.000000, 1.208110,2623214390,na,na,na,na,na,na,na,na,na,na,1056584640,24002662,na,3169130311,na,na,na,na,na,na,na,na,na,na,na,na,na,na,na,na,na,1,1115001,386871075,na,na,na,na,na,na,na,na,na,na,na,na,3169130026,na,5
3184950568.000000, 1.214442,2622563675,na,55650517,17001935,22091620,na,na,na,na,na,na,na,na,na,3184950568,na,na,na,na,na,na,na,583319,na,na,na,na,na,na,na,na,na,na,na,na,na,na,na,na,na,na,na,21388650,13626,na,na,na,na,na,5
3225631522.000000, 1.208116,2669968922,na,na,na,na,na,na,na,na,na,na,na,na,na,3225631522,na,1261158401,na,na,na,6868611,8049405,na,344596,12016527,na,na,na,na,na,na,na,na,na,na,na,na,na,na,na,910611314,na,na,na,na,na,na,na,na,5
3254021500.000000, 1.217729,2672204257,na,na,na,na,na,37265419,na,199204679,na,na,na,na,0,3254021500,na,1262802675,na,11735757,na,na,na,na,na,na,na,na,na,na,na,na,na,na,na,na,na,na,na,na,na,na,na,na,na,na,na,na,na,na,5
3260161672.000000, 1.216031,2680985656,na,na,na,na,362531759,na,8985055,na,na,na,na,na,na,3260161672,na,na,na,na,na,na,na,na,na,na,na,na,41527483,19308442,62299,na,na,na,na,na,na,na,na,na,na,na,na,na,na,na,na,na,na,na,5
3232462492.000000, 1.198551,2696974308,na,60736334,18969598,24573649,na,na,na,na,na,na,na,na,na,3232462492,na,na,na,na,na,na,na,452879,na,na,na,na,na,na,na,na,na,na,na,na,na,na,na,na,na,na,na,23999799,10924,na,na,na,na,na,5
3302094735.000000, 1.201325,2748710944,na,na,na,na,na,na,na,na,na,na,na,na,na,3302094735,na,1295123940,na,na,na,5439915,8255372,na,363922,9961849,na,na,na,na,na,na,na,na,na,na,na,na,na,na,na,932159013,na,na,na,na,na,na,na,na,5
3312339298.000000, 1.204920,2749010712,935066539,59312932,na,na,na,na,na,na,na,na,na,na,na,3312339298,na,na,na,na,na,na,na,na,na,na,na,na,na,na,na,na,na,na,na,na,na,na,na,1564476142,3003605,935037068,8482935,na,na,na,na,na,na,na,5
3403724879.000000, 1.226223,2775780759,na,na,na,na,na,na,na,na,49466890,943949,na,na,na,3403724879,na,na,na,na,na,na,na,na,na,na,na,na,na,na,na,na,1245545527,na,na,na,na,na,na,na,na,na,na,na,na,0,1072383358,330266253,na,na,5
3351119485.000000, 1.206329,2777949025,na,na,na,na,na,na,na,na,na,na,na,na,na,3351119485,na,na,na,na,na,na,na,na,na,na,na,na,na,na,na,1026987062,na,na,1168210,408452180,600050161,624923387,62294138,na,na,na,na,na,na,na,na,na,na,na,5
3401038411.000000, 1.216848,2794958607,na,na,na,na,na,na,na,na,na,na,na,na,na,3401038411,6363190501,1329249639,80148271,14062865,na,na,na,na,322379,na,na,na,na,na,na,na,na,na,na,na,na,na,na,na,na,na,na,na,na,na,na,na,na,158750663,5
3384286823.000000, 1.207626,2802429212,na,na,na,na,na,na,na,na,na,na,na,na,na,3384286823,na,1323669703,78734774,14183566,19763909,na,na,na,na,na,32655,81,na,na,na,na,na,na,na,na,na,na,na,na,na,na,na,na,na,na,na,na,na,na,5
3431154398.000000, 1.216313,2820946144,na,na,na,na,na,na,na,na,na,na,na,na,na,3431154398,6445484982,1333549518,80219195,10452527,na,na,na,na,377825,na,na,na,na,na,na,na,na,na,na,na,na,na,na,na,na,na,na,na,na,na,na,na,na,199724213,5
3441479175.000000, 1.212637,2838012824,na,na,na,na,383684583,na,8830802,na,na,na,na,na,na,3441479175,na,na,na,na,na,na,na,na,na,na,na,na,42883490,18273370,59505,na,na,na,na,na,na,na,na,na,na,na,na,na,na,na,na,na,na,na,5
3463712789.000000, 1.210313,2861831196,977831977,62756755,na,na,na,na,na,na,na,na,na,na,na,3463712789,na,na,na,na,na,na,na,na,na,na,na,na,na,na,na,na,na,na,na,na,na,na,na,1650513891,3070501,977801301,8831078,na,na,na,na,na,na,na,5
3168180766.000000, 1.222223,2592146493,na,na,na,na,na,na,na,na,na,na,na,na,na,3168180766,na,1227171808,74354229,10095966,9872249,na,na,na,na,na,33196,82,na,na,na,na,na,na,na,na,na,na,na,na,na,na,na,na,na,na,na,na,na,na,5
3184976126.000000, 1.216142,2618917974,na,na,na,na,na,36788183,na,197256790,na,na,na,na,0,3184976126,na,1234524090,na,11957282,na,na,na,na,na,na,na,na,na,na,na,na,na,na,na,na,na,na,na,na,na,na,na,na,na,na,na,na,na,na,5
3183622145.000000, 1.213060,2624455383,898767503,56284254,na,na,na,na,na,na,na,na,na,na,na,3183622145,na,na,na,na,na,na,na,na,na,na,na,na,na,na,na,na,na,na,na,na,na,na,na,1506906724,2737204,898739554,8098580,na,na,na,na,na,na,na,5
3225658623.000000, 1.209380,2667200893,na,57379642,17751091,22789271,na,na,na,na,na,na,na,na,na,3225658623,na,na,na,na,na,na,na,337337,na,na,na,na,na,na,na,na,na,na,na,na,na,na,na,na,na,na,na,21245866,13864,na,na,na,na,na,5
3232465710.000000, 1.209436,2672704329,na,na,na,na,na,42307469,na,209996212,na,na,na,na,0,3232465710,na,1262552358,na,13737587,na,na,na,na,na,na,na,na,na,na,na,na,na,na,na,na,na,na,na,na,na,na,na,na,na,na,na,na,na,na,5
3254017409.000000, 1.217611,2672459531,na,na,na,na,na,na,na,na,na,na,1096210421,24002185,na,3254017409,na,na,na,na,na,na,na,na,na,na,na,na,na,na,na,na,na,0,1131004,396376197,na,na,na,na,na,na,na,na,na,na,na,na,3254017124,na,5
3260180263.000000, 1.213537,2686511416,na,na,na,na,na,na,na,na,44130908,877005,na,na,na,3260180263,na,na,na,na,na,na,na,na,na,na,na,na,na,na,na,na,1190437157,na,na,na,na,na,na,na,na,na,na,na,na,0,1029599513,315541620,na,na,5
3302067867.000000, 1.211893,2724720041,na,58316831,17361442,23689070,na,na,na,na,na,na,na,na,na,3302067867,na,na,na,na,na,na,na,404834,na,na,na,na,na,na,na,na,na,na,na,na,na,na,na,na,na,na,na,22749497,13768,na,na,na,na,na,5
3312378836.000000, 1.205064,2748716848,na,na,na,na,388775741,na,8543926,na,na,na,na,na,na,3312378836,na,na,na,na,na,na,na,na,na,na,na,na,47748938,24868421,70860,na,na,na,na,na,na,na,na,na,na,na,na,na,na,na,na,na,na,na,5
3403729003.000000, 1.225965,2776367733,na,na,na,na,na,na,na,na,na,na,na,na,na,3403729003,6360578269,1318804937,80665111,11112115,na,na,na,na,351539,na,na,na,na,na,na,na,na,na,na,na,na,na,na,na,na,na,na,na,na,na,na,na,na,171708802,5
3351132468.000000, 1.205341,2780235683,945964927,59687525,na,na,na,na,na,na,na,na,na,na,na,3351132468,na,na,na,na,na,na,na,na,na,na,na,na,na,na,na,na,na,na,na,na,na,na,na,1577462735,2916164,945935200,8579289,na,na,na,na,na,na,na,5
3401105535.000000, 1.216448,2795931913,na,na,na,na,na,na,na,na,na,na,na,na,na,3401105535,na,na,na,na,na,na,na,na,na,na,na,na,na,na,na,1042334262,na,na,1204379,415458553,609365160,634175450,63954133,na,na,na,na,na,na,na,na,na,na,na,5
3384283367.000000, 1.202579,2814188544,na,na,na,na,na,na,na,na,na,na,na,na,na,3384283367,na,1328411704,na,na,na,6274625,7788015,na,379314,11488934,na,na,na,na,na,na,na,na,na,na,na,na,na,na,na,955267301,na,na,na,na,na,na,na,na,5
3431185193.000000, 1.216924,2819556786,na,na,na,na,na,na,na,na,na,na,na,na,na,3431185193,na,na,na,na,na,na,na,na,na,na,na,na,na,na,na,1051010270,na,na,1197937,418250250,614446202,639784199,63832285,na,na,na,na,na,na,na,na,na,na,na,5
3463711093.000000, 1.216070,2848282754,na,na,na,na,381485125,na,9274296,na,na,na,na,na,na,3463711093,na,na,na,na,na,na,na,na,na,na,na,na,44076023,18609641,71983,na,na,na,na,na,na,na,na,na,na,na,na,na,na,na,na,na,na,na,5
3441505730.000000, 1.207707,2849620007,na,na,na,na,na,na,na,na,52811677,878059,na,na,na,3441505730,na,na,na,na,na,na,na,na,na,na,na,na,na,na,na,na,1258117800,na,na,na,na,na,na,na,na,na,na,na,na,0,1093683021,335966396,na,na,5
3168252490.000000, 1.220497,2595871296,na,na,na,na,na,na,na,na,na,na,na,na,na,3168252490,na,1228390140,na,na,na,4303041,5777333,na,347603,7263219,na,na,na,na,na,na,na,na,na,na,na,na,na,na,na,894150548,na,na,na,na,na,na,na,na,5
3185016081.000000, 1.216094,2619055216,na,na,na,na,na,na,na,na,na,na,1077236274,23993350,na,3185016081,na,na,na,na,na,na,na,na,na,na,na,na,na,na,na,na,na,1,1105973,387581913,na,na,na,na,na,na,na,na,na,na,na,na,3185013882,na,5
3183700145.000000, 1.213332,2623932392,na,na,na,na,357684951,na,8245167,na,na,na,na,na,na,3183700145,na,na,na,na,na,na,na,na,na,na,na,na,41790961,18594258,66090,na,na,na,na,na,na,na,na,na,na,na,na,na,na,na,na,na,na,na,5
3225698610.000000, 1.209227,2667571428,na,na,na,na,na,40285828,na,208867688,na,na,na,na,0,3225698610,na,1260789593,na,14438688,na,na,na,na,na,na,na,na,na,na,na,na,na,na,na,na,na,na,na,na,na,na,na,na,na,na,na,na,na,na,5
3254099414.000000, 1.217151,2673538869,na,na,na,na,na,na,na,na,na,na,na,na,na,3254099414,na,1263016221,75750230,11743438,9454250,na,na,na,na,na,31846,111,na,na,na,na,na,na,na,na,na,na,na,na,na,na,na,na,na,na,na,na,na,na,5
3232585511.000000, 1.208360,2675183848,na,na,na,na,na,na,na,na,na,na,1088161917,24537831,na,3232585511,na,na,na,na,na,na,na,na,na,na,na,na,na,na,na,na,na,1,1139014,394718591,na,na,na,na,na,na,na,na,na,na,na,na,3232585139,na,5
3260235780.000000, 1.215272,2682720140,na,na,na,na,na,na,na,na,na,na,na,na,na,3260235780,6126901719,1264188601,76364242,13125051,na,na,na,na,363584,na,na,na,na,na,na,na,na,na,na,na,na,na,na,na,na,na,na,na,na,na,na,na,na,189973729,5
3302137979.000000, 1.212876,2722568087,na,na,na,na,na,38201171,na,208389743,na,na,na,na,0,3302137979,na,1284488301,na,13688193,na,na,na,na,na,na,na,na,na,na,na,na,na,na,na,na,na,na,na,na,na,na,na,na,na,na,na,na,na,na,5
3312367277.000000, 1.204837,2749224398,na,na,na,na,na,na,na,na,49827758,913720,na,na,na,3312367277,na,na,na,na,na,na,na,na,na,na,na,na,na,na,na,na,1210468392,na,na,na,na,na,na,na,na,na,na,na,na,0,1049043819,320840675,na,na,5
3401085349.000000, 1.225734,2774733413,959921488,61965403,na,na,na,na,na,na,na,na,na,na,na,3401085349,na,na,na,na,na,na,na,na,na,na,na,na,na,na,na,na,na,na,na,na,na,na,na,1608874511,3085577,959890381,8562311,na,na,na,na,na,na,na,5
3403816061.000000, 1.225388,2777745464,na,na,na,na,na,na,na,na,na,na,na,na,na,3403816061,na,na,na,na,na,na,na,na,na,na,na,na,na,na,na,1041978961,na,na,1207872,416251575,610341387,635223902,64174528,na,na,na,na,na,na,na,na,na,na,na,5
3351196186.000000, 1.204067,2783230925,na,na,na,na,396695791,na,8834093,na,na,na,na,na,na,3351196186,na,na,na,na,na,na,na,na,na,na,na,na,48389347,25583900,76602,na,na,na,na,na,na,na,na,na,na,na,na,na,na,na,na,na,na,na,5
3384358718.000000, 1.207715,2802281587,na,60070810,18492431,23900010,na,na,na,na,na,na,na,na,na,3384358718,na,na,na,na,na,na,na,691479,na,na,na,na,na,na,na,na,na,na,na,na,na,na,na,na,na,na,na,22615567,16409,na,na,na,na,na,5
3441570330.000000, 1.213206,2836756489,na,na,na,na,na,na,na,na,na,na,na,na,na,3441570330,6472704591,1336761202,80003784,11847617,na,na,na,na,376089,na,na,na,na,na,na,na,na,na,na,na,na,na,na,na,na,na,na,na,na,na,na,na,na,203603577,5
3431215579.000000, 1.208291,2839725339,968571362,63616477,na,na,na,na,na,na,na,na,na,na,na,3431215579,na,na,na,na,na,na,na,na,na,na,na,na,na,na,na,na,na,na,na,na,na,na,na,1643599509,3215994,968540489,8762863,na,na,na,na,na,na,na,5
3463792896.000000, 1.215846,2848875517,na,na,na,na,na,na,na,na,49737317,987449,na,na,na,3463792896,na,na,na,na,na,na,na,na,na,na,na,na,na,na,na,na,1265276454,na,na,na,na,na,na,na,na,na,na,na,na,0,1094635112,335341050,na,na,5
3168202684.000000, 1.220516,2595790240,na,56659634,17431305,22407338,na,na,na,na,na,na,na,na,na,3168202684,na,na,na,na,na,na,na,430553,na,na,na,na,na,na,na,na,na,na,na,na,na,na,na,na,na,na,na,21125355,14406,na,na,na,na,na,5
3183677367.000000, 1.214066,2622326457,na,na,na,na,na,na,na,na,45385188,944221,na,na,na,3183677367,na,na,na,na,na,na,na,na,na,na,na,na,na,na,na,na,1162542822,na,na,na,na,na,na,na,na,na,na,na,na,0,1005937495,307806695,na,na,5
3184975392.000000, 1.214145,2623224730,na,na,na,na,na,na,na,na,na,na,na,na,na,3184975392,na,1236800612,74024569,11964251,10092078,na,na,na,na,na,30868,75,na,na,na,na,na,na,na,na,na,na,na,na,na,na,na,na,na,na,na,na,na,na,5
3225651328.000000, 1.209530,2666863915,na,na,na,na,na,na,na,na,na,na,1085447898,24136681,na,3225651328,na,na,na,na,na,na,na,na,na,na,na,na,na,na,na,na,na,0,1120662,392836400,na,na,na,na,na,na,na,na,na,na,na,na,3225651130,na,5
3232522920.000000, 1.209373,2672892417,na,na,na,na,na,na,na,na,na,na,na,na,na,3232522920,na,1262579116,75983227,13738145,19153371,na,na,na,na,na,35516,80,na,na,na,na,na,na,na,na,na,na,na,na,na,na,na,na,na,na,na,na,na,na,5
3254028596.000000, 1.217444,2672836013,na,na,na,na,na,na,na,na,na,na,na,na,na,3254028596,na,1263065709,na,na,na,4398234,7336801,na,347626,8107370,na,na,na,na,na,na,na,na,na,na,na,na,na,na,na,918592221,na,na,na,na,na,na,na,na,5
3260176131.000000, 1.212885,2687951817,na,na,na,na,na,na,na,na,na,na,na,na,na,3260176131,na,na,na,na,na,na,na,na,na,na,na,na,na,na,na,997033572,na,na,1141141,397159879,583292007,607166006,60766527,na,na,na,na,na,na,na,na,na,na,na,5
3302053554.000000, 1.214517,2718821415,na,na,na,na,na,na,na,na,na,na,1121034067,24820419,na,3302053554,na,na,na,na,na,na,na,na,na,na,na,na,na,na,na,na,na,0,1142700,401405217,na,na,na,na,na,na,na,na,na,na,na,na,3302053269,na,5
3312352546.000000, 1.206777,2744792509,na,na,na,na,na,na,na,na,na,na,na,na,na,3312352546,6259318876,1295161352,77002816,14246925,na,na,na,na,370050,na,na,na,na,na,na,na,na,na,na,na,na,na,na,na,na,na,na,na,na,na,na,na,na,199102409,5
3401183763.000000, 1.228805,2767878335,na,na,na,na,343426571,na,9364403,na,na,na,na,na,na,3401183763,na,na,na,na,na,na,na,na,na,na,na,na,41661057,19757460,65187,na,na,na,na,na,na,na,na,na,na,na,na,na,na,na,na,na,na,na,5
3403753016.000000, 1.223050,2783003843,960671789,61490029,na,na,na,na,na,na,na,na,na,na,na,3403753016,na,na,na,na,na,na,na,na,na,na,na,na,na,na,na,na,na,na,na,na,na,na,na,1610253681,3109180,960640795,8587829,na,na,na,na,na,na,na,5
3351144811.000000, 1.199852,2792964498,na,na,na,na,na,na,na,na,49570594,926694,na,na,na,3351144811,na,na,na,na,na,na,na,na,na,na,na,na,na,na,na,na,1225215384,na,na,na,na,na,na,na,na,na,na,na,na,0,1063049968,326539044,na,na,5
3384270256.000000, 1.209058,2799097800,na,na,na,na,na,43412865,na,224242528,na,na,na,na,0,3384270256,na,1321928829,na,14071610,na,na,na,na,na,na,na,na,na,na,na,na,na,na,na,na,na,na,na,na,na,na,na,na,na,na,na,na,na,na,5
3441547961.000000, 1.213195,2836765041,na,na,na,na,na,na,na,na,na,na,na,na,na,3441547961,na,na,na,na,na,na,na,na,na,na,na,na,na,na,na,1054974338,na,na,1191689,419052823,616193630,641737035,63626025,na,na,na,na,na,na,na,na,na,na,na,5
3431215480.000000, 1.203070,2852049305,na,na,na,na,382702412,na,9216295,na,na,na,na,na,na,3431215480,na,na,na,na,na,na,na,na,na,na,na,na,43728608,19554123,61461,na,na,na,na,na,na,na,na,na,na,na,na,na,na,na,na,na,na,na,5
3463742089.000000, 1.215111,2850555091,na,na,na,na,na,na,na,na,na,na,na,na,na,3463742089,6508920623,1345317774,80794231,10846059,na,na,na,na,386166,na,na,na,na,na,na,na,na,na,na,na,na,na,na,na,na,na,na,na,na,na,na,na,na,202596914,5
3168208343.000000, 1.220624,2595564787,na,na,na,na,na,37576169,na,185155904,na,na,na,na,0,3168208343,na,1228774746,na,10072610,na,na,na,na,na,na,na,na,na,na,na,na,na,na,na,na,na,na,na,na,na,na,na,na,na,na,na,na,na,na,5
3183625599.000000, 1.213102,2624367738,na,na,na,na,na,na,na,na,na,na,na,na,na,3183625599,5988951019,1238738030,74045792,11104810,na,na,na,na,356257,na,na,na,na,na,na,na,na,na,na,na,na,na,na,na,na,na,na,na,na,na,na,na,na,188076897,5
3184958783.000000, 1.202686,2648204765,na,na,na,na,na,na,na,na,na,na,na,na,na,3184958783,na,1246421342,na,na,na,4712743,7228985,na,355153,8265082,na,na,na,na,na,na,na,na,na,na,na,na,na,na,na,899041074,na,na,na,na,na,na,na,na,5
3225648539.000000, 1.208347,2669472413,na,na,na,na,na,na,na,na,na,na,na,na,na,3225648539,na,1260823940,74966761,14921284,18644747,na,na,na,na,na,31477,71,na,na,na,na,na,na,na,na,na,na,na,na,na,na,na,na,na,na,na,na,na,na,5
3232518916.000000, 1.209321,2673002643,na,na,na,na,na,na,na,na,na,na,na,na,na,3232518916,na,1262514090,na,na,na,6083808,7657367,na,362617,11228941,na,na,na,na,na,na,na,na,na,na,na,na,na,na,na,912326358,na,na,na,na,na,na,na,na,5
3254020487.000000, 1.204956,2700531275,na,61204979,19273011,24954122,na,na,na,na,na,na,na,na,na,3254020487,na,na,na,na,na,na,na,489170,na,na,na,na,na,na,na,na,na,na,na,na,na,na,na,na,na,na,na,24589321,14284,na,na,na,na,na,5
3260189578.000000, 1.201760,2712845676,920271798,61342586,na,na,na,na,na,na,na,na,na,na,na,3260189578,na,na,na,na,na,na,na,na,na,na,na,na,na,na,na,na,na,na,na,na,na,na,na,1563025329,3041684,920242672,8371337,na,na,na,na,na,na,na,5
3302058640.000000, 1.215085,2717552791,na,na,na,na,na,na,na,na,na,na,na,na,na,3302058640,na,1282551453,76729323,13678582,9684083,na,na,na,na,na,31797,59,na,na,na,na,na,na,na,na,na,na,na,na,na,na,na,na,na,na,na,na,na,na,5
3312289707.000000, 1.205604,2747411605,na,na,na,na,na,na,na,na,na,na,na,na,na,3312289707,na,na,na,na,na,na,na,na,na,na,na,na,na,na,na,1016192672,na,na,1150019,403243067,592901422,617574894,61274064,na,na,na,na,na,na,na,na,na,na,na,5
3401102158.000000, 1.230306,2764434957,na,na,na,na,na,na,na,na,45704017,943517,na,na,na,3401102158,na,na,na,na,na,na,na,na,na,na,na,na,na,na,na,na,1242945504,na,na,na,na,na,na,na,na,na,na,na,na,0,1070051633,329403269,na,na,5
3403743546.000000, 1.225988,2776327630,na,na,na,na,347452962,na,9282832,na,na,na,na,na,na,3403743546,na,na,na,na,na,na,na,na,na,na,na,na,41553070,18356747,68039,na,na,na,na,na,na,na,na,na,na,na,na,na,na,na,na,na,na,na,5
3351125897.000000, 1.205716,2779364822,na,na,na,na,na,na,na,na,na,na,na,na,na,3351125897,6338972362,1310271973,78287230,14338271,na,na,na,na,384438,na,na,na,na,na,na,na,na,na,na,na,na,na,na,na,na,na,na,na,na,na,na,na,na,201575674,5
3384259687.000000, 1.207981,2801583272,na,na,na,na,na,na,na,na,na,na,1138854668,25286222,na,3384259687,na,na,na,na,na,na,na,na,na,na,na,na,na,na,na,na,na,1,1176604,412157546,na,na,na,na,na,na,na,na,na,na,na,na,3384259402,na,5
3431131068.000000, 1.216762,2819886613,na,na,na,na,na,na,na,na,51090827,937835,na,na,na,3431131068,na,na,na,na,na,na,na,na,na,na,na,na,na,na,na,na,1254227886,na,na,na,na,na,na,na,na,na,na,na,na,0,1083193989,331595505,na,na,5
3441493834.000000, 1.211732,2840145112,971586926,61734192,na,na,na,na,na,na,na,na,na,na,na,3441493834,na,na,na,na,na,na,na,na,na,na,na,na,na,na,na,na,na,na,na,na,na,na,na,1634896922,3003668,971556708,8764159,na,na,na,na,na,na,na,5
3463727647.000000, 1.216195,2848003515,na,na,na,na,na,na,na,na,na,na,na,na,na,3463727647,na,na,na,na,na,na,na,na,na,na,na,na,na,na,na,1060786936,na,na,1200858,421745985,619736453,645537962,64241862,na,na,na,na,na,na,na,na,na,na,na,5
3168288855.000000, 1.221470,2593832441,na,na,na,na,na,na,na,na,na,na,1064638429,23993285,na,3168288855,na,na,na,na,na,na,na,na,na,na,na,na,na,na,na,na,na,0,1115001,386735815,na,na,na,na,na,na,na,na,na,na,na,na,3168288309,na,5
3183717714.000000, 1.212660,2625400642,na,na,na,na,na,na,na,na,na,na,na,na,na,3183717714,na,na,na,na,na,na,na,na,na,na,na,na,na,na,na,975210090,na,na,1105697,387330966,569432894,593151555,58881333,na,na,na,na,na,na,na,na,na,na,na,5
3185081522.000000, 1.201847,2650156564,na,59477298,18630069,24305176,na,na,na,na,na,na,na,na,na,3185081522,na,na,na,na,na,na,na,474071,na,na,na,na,na,na,na,na,na,na,na,na,na,na,na,na,na,na,na,24053925,14826,na,na,na,na,na,5
3225710994.000000, 1.208331,2669559724,na,na,na,na,na,na,na,na,na,na,na,na,na,3225710994,na,1261470995,na,na,na,6457761,8061593,na,341924,11730792,na,na,na,na,na,na,na,na,na,na,na,na,na,na,na,910646579,na,na,na,na,na,na,na,na,5
3232635243.000000, 1.208599,2674697250,na,57931392,18005221,22845591,na,na,na,na,na,na,na,na,na,3232635243,na,na,na,na,na,na,na,317738,na,na,na,na,na,na,na,na,na,na,na,na,na,na,na,na,na,na,na,21179002,12757,na,na,na,na,na,5
3254100418.000000, 1.213091,2682485816,na,na,na,na,na,37341946,na,200577991,na,na,na,na,0,3254100418,na,1266559626,na,11747496,na,na,na,na,na,na,na,na,na,na,na,na,na,na,na,na,na,na,na,na,na,na,na,na,na,na,na,na,na,na,5
3260242657.000000, 1.213197,2687315881,na,na,na,na,364189345,na,9028374,na,na,na,na,na,na,3260242657,na,na,na,na,na,na,na,na,na,na,na,na,41665467,19463085,62964,na,na,na,na,na,na,na,na,na,na,na,na,na,na,na,na,na,na,na,5
3302146793.000000, 1.208224,2733058990,na,na,na,na,na,na,na,na,na,na,na,na,na,3302146793,na,1288379012,na,na,na,5434499,8259322,na,365280,9967356,na,na,na,na,na,na,na,na,na,na,na,na,na,na,na,932180200,na,na,na,na,na,na,na,na,5
3312448941.000000, 1.204526,2750002686,935110291,59426684,na,na,na,na,na,na,na,na,na,na,na,3312448941,na,na,na,na,na,na,na,na,na,na,na,na,na,na,na,na,na,na,na,na,na,na,na,1564755292,3203317,935080123,8485997,na,na,na,na,na,na,na,5
3401348853.000000, 1.228493,2768717127,na,na,na,na,na,na,na,na,na,na,na,na,na,3401348853,6340383799,1316129646,80428623,14094360,na,na,na,na,328707,na,na,na,na,na,na,na,na,na,na,na,na,na,na,na,na,na,na,na,na,na,na,na,na,168509953,5
3403860567.000000, 1.224723,2779290525,na,na,na,na,na,na,na,na,49613123,1038882,na,na,na,3403860567,na,na,na,na,na,na,na,na,na,na,na,na,na,na,na,na,1245559930,na,na,na,na,na,na,na,na,na,na,na,na,0,1072695634,330461616,na,na,5
3384363213.000000, 1.208633,2800158616,na,na,na,na,na,na,na,na,na,na,na,na,na,3384363213,na,1321951475,78754436,14082068,19776683,na,na,na,na,na,32759,153,na,na,na,na,na,na,na,na,na,na,na,na,na,na,na,na,na,na,na,na,na,na,5
3351209839.000000, 1.197054,2799548477,na,na,na,na,na,na,na,na,na,na,na,na,na,3351209839,na,na,na,na,na,na,na,na,na,na,na,na,na,na,na,1028896256,na,na,1168210,408551272,600222073,625095639,62297508,na,na,na,na,na,na,na,na,na,na,na,5
3431222668.000000, 1.215951,2821842304,na,na,na,na,na,na,na,na,na,na,na,na,na,3431222668,6445075961,1332950753,80234375,10473064,na,na,na,na,380359,na,na,na,na,na,na,na,na,na,na,na,na,na,na,na,na,na,na,na,na,na,na,na,na,200651306,5
3441578878.000000, 1.211716,2840252280,na,na,na,na,384742943,na,8824824,na,na,na,na,na,na,3441578878,na,na,na,na,na,na,na,na,na,na,na,na,42967722,18415405,60326,na,na,na,na,na,na,na,na,na,na,na,na,na,na,na,na,na,na,na,5
3463785254.000000, 1.215838,2848886856,977862299,61310496,na,na,na,na,na,na,na,na,na,na,na,3463785254,na,na,na,na,na,na,na,na,na,na,na,na,na,na,na,na,na,na,na,na,na,na,na,1637584883,3311542,977831240,8791134,na,na,na,na,na,na,na,5
3168279372.000000, 1.220176,2596575549,na,na,na,na,na,na,na,na,na,na,na,na,na,3168279372,na,1228828548,74375276,10079303,9882574,na,na,na,na,na,33312,126,na,na,na,na,na,na,na,na,na,na,na,na,na,na,na,na,na,na,na,na,na,na,5
3185088808.000000, 1.215237,2620960738,na,na,na,na,na,36878090,na,198163006,na,na,na,na,0,3185088808,na,1235186859,na,11954846,na,na,na,na,na,na,na,na,na,na,na,na,na,na,na,na,na,na,na,na,na,na,na,na,na,na,na,na,na,na,5
3183729237.000000, 1.213233,2624169504,898814973,56504929,na,na,na,na,na,na,na,na,na,na,na,3183729237,na,na,na,na,na,na,na,na,na,na,na,na,na,na,na,na,na,na,na,na,na,na,na,1506002131,3115682,898786385,8097699,na,na,na,na,na,na,na,5
3225706403.000000, 1.209022,2668029236,na,57569639,17927635,22818826,na,na,na,na,na,na,na,na,na,3225706403,na,na,na,na,na,na,na,351996,na,na,na,na,na,na,na,na,na,na,na,na,na,na,na,na,na,na,na,21361599,14484,na,na,na,na,na,5
3254141708.000000, 1.216961,2673990536,na,na,na,na,na,na,na,na,na,na,1096159012,23997681,na,3254141708,na,na,na,na,na,na,na,na,na,na,na,na,na,na,na,na,na,1,1131004,396374431,na,na,na,na,na,na,na,na,na,na,na,na,3254141336,na,5
3232702076.000000, 1.207993,2676092610,na,na,na,na,na,42737136,na,211337057,na,na,na,na,0,3232702076,na,1263090217,na,13765831,na,na,na,na,na,na,na,na,na,na,na,na,na,na,na,na,na,na,na,na,na,na,na,na,na,na,na,na,na,na,5
3260431881.000000, 1.213218,2687424066,na,na,na,na,na,na,na,na,43958551,977679,na,na,na,3260431881,na,na,na,na,na,na,na,na,na,na,na,na,na,na,na,na,1190378579,na,na,na,na,na,na,na,na,na,na,na,na,0,1029115192,315347434,na,na,5
3303383523.000000, 1.206098,2738901605,na,60300919,18533590,24542166,na,na,na,na,na,na,na,na,na,3303383523,na,na,na,na,na,na,na,414534,na,na,na,na,na,na,na,na,na,na,na,na,na,na,na,na,na,na,na,23886841,19421,na,na,na,na,na,5
3312490885.000000, 1.204214,2750750127,na,na,na,na,390580389,na,8626097,na,na,na,na,na,na,3312490885,na,na,na,na,na,na,na,na,na,na,na,na,48113098,24972140,73066,na,na,na,na,na,na,na,na,na,na,na,na,na,na,na,na,na,na,na,5
3401239628.000000, 1.229138,2767174808,na,na,na,na,na,na,na,na,na,na,na,na,na,3401239628,na,na,na,na,na,na,na,na,na,na,na,na,na,na,na,1039290222,na,na,1204379,415254788,609072611,633874627,63954148,na,na,na,na,na,na,na,na,na,na,na,5
3403880910.000000, 1.223545,2781983547,na,na,na,na,na,na,na,na,na,na,na,na,na,3403880910,6366535157,1320550188,80728573,11113785,na,na,na,na,355344,na,na,na,na,na,na,na,na,na,na,na,na,na,na,na,na,na,na,na,na,na,na,na,na,172884461,5
3351316624.000000, 1.204561,2782190236,946046299,59925709,na,na,na,na,na,na,na,na,na,na,na,3351316624,na,na,na,na,na,na,na,na,na,na,na,na,na,na,na,na,na,na,na,na,na,na,na,1577633167,3252961,946015761,8585322,na,na,na,na,na,na,na,5
3384367229.000000, 1.208876,2799597498,na,na,na,na,na,na,na,na,na,na,na,na,na,3384367229,na,1321815745,na,na,na,6343718,7868348,na,378718,11605860,na,na,na,na,na,na,na,na,na,na,na,na,na,na,na,955302039,na,na,na,na,na,na,na,na,5
3431278845.000000, 1.209758,2836334481,na,na,na,na,na,na,na,na,na,na,na,na,na,3431278845,na,na,na,na,na,na,na,na,na,na,na,na,na,na,na,1052252617,na,na,1197937,418320004,614552801,639903651,63833039,na,na,na,na,na,na,na,na,na,na,na,5
3441593237.000000, 1.211814,2840033277,na,na,na,na,na,na,na,na,52003553,919880,na,na,na,3441593237,na,na,na,na,na,na,na,na,na,na,na,na,na,na,na,na,1258066539,na,na,na,na,na,na,na,na,na,na,na,na,0,1090963095,334190241,na,na,5
3463818192.000000, 1.215741,2849141618,na,na,na,na,382520559,na,9239653,na,na,na,na,na,na,3463818192,na,na,na,na,na,na,na,na,na,na,na,na,44157438,18746515,72691,na,na,na,na,na,na,na,na,na,na,na,na,na,na,na,na,na,na,na,5
3168205512.000000, 1.221021,2594718228,na,na,na,na,na,na,na,na,na,na,na,na,na,3168205512,na,1228277039,na,na,na,4314764,5783751,na,345834,7281851,na,na,na,na,na,na,na,na,na,na,na,na,na,na,na,894131739,na,na,na,na,na,na,na,na,5
3185005537.000000, 1.215460,2620412708,na,na,na,na,na,na,na,na,na,na,1077302986,23984632,na,3185005537,na,na,na,na,na,na,na,na,na,na,na,na,na,na,na,na,na,0,1105973,387582027,na,na,na,na,na,na,na,na,na,na,na,na,3185003338,na,5
3183676030.000000, 1.207197,2637246789,na,na,na,na,360069133,na,8356175,na,na,na,na,na,na,3183676030,na,na,na,na,na,na,na,na,na,na,na,na,42196761,18900985,65013,na,na,na,na,na,na,na,na,na,na,na,na,na,na,na,na,na,na,na,5
3225663665.000000, 1.209463,2667020742,na,na,na,na,na,40206470,na,208577157,na,na,na,na,0,3225663665,na,1260710119,na,14512655,na,na,na,na,na,na,na,na,na,na,na,na,na,na,na,na,na,na,na,na,na,na,na,na,na,na,na,na,na,na,5
3232481689.000000, 1.209520,2672531961,na,na,na,na,na,na,na,na,na,na,1088099449,24537761,na,3232481689,na,na,na,na,na,na,na,na,na,na,na,na,na,na,na,na,na,0,1139014,394719994,na,na,na,na,na,na,na,na,na,na,na,na,3232481404,na,5
3254049469.000000, 1.217520,2672685831,na,na,na,na,na,na,na,na,na,na,na,na,na,3254049469,na,1262905153,75745540,11738051,9455219,na,na,na,na,na,31788,101,na,na,na,na,na,na,na,na,na,na,na,na,na,na,na,na,na,na,na,na,na,na,5
3260231375.000000, 1.215524,2682160600,na,na,na,na,na,na,na,na,na,na,na,na,na,3260231375,6126444046,1263947986,76369872,13126332,na,na,na,na,364019,na,na,na,na,na,na,na,na,na,na,na,na,na,na,na,na,na,na,na,na,na,na,na,na,189818307,5
3302101270.000000, 1.215537,2716578693,na,na,na,na,na,37980181,na,208228817,na,na,na,na,0,3302101270,na,1281645775,na,13681447,na,na,na,na,na,na,na,na,na,na,na,na,na,na,na,na,na,na,na,na,na,na,na,na,na,na,na,na,na,na,5
3402107068.000000, 1.229773,2766451046,960213675,60770064,na,na,na,na,na,na,na,na,na,na,na,3402107068,na,na,na,na,na,na,na,na,na,na,na,na,na,na,na,na,na,na,na,na,na,na,na,1599665284,3139726,960182631,8536752,na,na,na,na,na,na,na,5
3312301173.000000, 1.193529,2775216544,na,na,na,na,na,na,na,na,51665489,869117,na,na,na,3312301173,na,na,na,na,na,na,na,na,na,na,na,na,na,na,na,na,1210729836,na,na,na,na,na,na,na,na,na,na,na,na,0,1056072845,325874222,na,na,5
3403787468.000000, 1.225101,2778372600,na,na,na,na,na,na,na,na,na,na,na,na,na,3403787468,na,na,na,na,na,na,na,na,na,na,na,na,na,na,na,1041945105,na,na,1207872,416248711,610332142,635221277,64174001,na,na,na,na,na,na,na,na,na,na,na,5
3351160157.000000, 1.205140,2780721808,na,na,na,na,395981466,na,8800030,na,na,na,na,na,na,3351160157,na,na,na,na,na,na,na,na,na,na,na,na,48247747,25634126,76158,na,na,na,na,na,na,na,na,na,na,na,na,na,na,na,na,na,na,na,5
3384317087.000000, 1.207636,2802431537,na,59752129,18366447,23954258,na,na,na,na,na,na,na,na,na,3384317087,na,na,na,na,na,na,na,574883,na,na,na,na,na,na,na,na,na,na,na,na,na,na,na,na,na,na,na,22671974,16428,na,na,na,na,na,5
3431213622.000000, 1.216601,2820328505,968581615,60976734,na,na,na,na,na,na,na,na,na,na,na,3431213622,na,na,na,na,na,na,na,na,na,na,na,na,na,na,na,na,na,na,na,na,na,na,na,1626077860,3168995,968550947,8703007,na,na,na,na,na,na,na,5
3441585864.000000, 1.211967,2839669020,na,na,na,na,na,na,na,na,na,na,na,na,na,3441585864,6479419218,1336816076,80002156,12385284,na,na,na,na,382183,na,na,na,na,na,na,na,na,na,na,na,na,na,na,na,na,na,na,na,na,na,na,na,na,203774981,5
3463744582.000000, 1.215194,2850364121,na,na,na,na,na,na,na,na,49975799,966299,na,na,na,3463744582,na,na,na,na,na,na,na,na,na,na,na,na,na,na,na,na,1265311682,na,na,na,na,na,na,na,na,na,na,na,na,0,1095074612,335478772,na,na,5
3168202832.000000, 1.222046,2592539697,na,56434556,17336629,22308973,na,na,na,na,na,na,na,na,na,3168202832,na,na,na,na,na,na,na,327877,na,na,na,na,na,na,na,na,na,na,na,na,na,na,na,na,na,na,na,20645564,14759,na,na,na,na,na,5
3183688525.000000, 1.214011,2622454055,na,na,na,na,na,na,na,na,45126905,896718,na,na,na,3183688525,na,na,na,na,na,na,na,na,na,na,na,na,na,na,na,na,1162348327,na,na,na,na,na,na,na,na,na,na,na,na,0,1005601877,307918168,na,na,5
3185049849.000000, 1.215408,2620559244,na,na,na,na,na,na,na,na,na,na,na,na,na,3185049849,na,1235301486,74044728,11954454,10100644,na,na,na,na,na,30885,114,na,na,na,na,na,na,na,na,na,na,na,na,na,na,na,na,na,na,na,na,na,na,5
3232484790.000000, 1.209448,2672694389,na,na,na,na,na,na,na,na,na,na,na,na,na,3232484790,na,1262435909,75980152,13735754,19133549,na,na,na,na,na,35428,79,na,na,na,na,na,na,na,na,na,na,na,na,na,na,na,na,na,na,na,na,na,na,5
3254056356.000000, 1.217446,2672855847,na,na,na,na,na,na,na,na,na,na,na,na,na,3254056356,na,1262886915,na,na,na,4399370,7338004,na,347688,8110738,na,na,na,na,na,na,na,na,na,na,na,na,na,na,na,918604320,na,na,na,na,na,na,na,na,5
3225673136.000000, 1.207299,2671810703,na,na,na,na,na,na,na,na,na,na,1085541519,24154771,na,3225673136,na,na,na,na,na,na,na,na,na,na,na,na,na,na,na,na,na,1,1120662,392838070,na,na,na,na,na,na,na,na,na,na,na,na,3225672851,na,5
3260202264.000000, 1.214807,2683720456,na,na,na,na,na,na,na,na,na,na,na,na,na,3260202264,na,na,na,na,na,na,na,na,na,na,na,na,na,na,na,996519856,na,na,1141141,397129358,583225963,607120290,60766168,na,na,na,na,na,na,na,na,na,na,na,5
3302131877.000000, 1.215310,2717110434,na,na,na,na,na,na,na,na,na,na,1120878639,24825889,na,3302131877,na,na,na,na,na,na,na,na,na,na,na,na,na,na,na,na,na,1,1142700,401403008,na,na,na,na,na,na,na,na,na,na,na,na,3302131505,na,5
3312278246.000000, 1.205128,2748487455,na,na,na,na,na,na,na,na,na,na,na,na,na,3312278246,6261686405,1296854455,76988226,14200864,na,na,na,na,369301,na,na,na,na,na,na,na,na,na,na,na,na,na,na,na,na,na,na,na,na,na,na,na,na,198570647,5
3401117860.000000, 1.228073,2769474736,na,na,na,na,341600774,na,9255358,na,na,na,na,na,na,3401117860,na,na,na,na,na,na,na,na,na,na,na,na,41332190,19675922,66666,na,na,na,na,na,na,na,na,na,na,na,na,na,na,na,na,na,na,na,5
3403780553.000000, 1.224902,2778817961,960681587,60942553,na,na,na,na,na,na,na,na,na,na,na,3403780553,na,na,na,na,na,na,na,na,na,na,na,na,na,na,na,na,na,na,na,na,na,na,na,1606931897,3322460,960650483,8574915,na,na,na,na,na,na,na,5
3351195839.000000, 1.204186,2782954474,na,na,na,na,na,na,na,na,49036469,940340,na,na,na,3351195839,na,na,na,na,na,na,na,na,na,na,na,na,na,na,na,na,1225109522,na,na,na,na,na,na,na,na,na,na,na,na,0,1060581228,324575196,na,na,5
3384291967.000000, 1.206571,2804884595,na,na,na,na,na,43414547,na,224788048,na,na,na,na,0,3384291967,na,1324513392,na,14187262,na,na,na,na,na,na,na,na,na,na,na,na,na,na,na,na,na,na,na,na,na,na,na,na,na,na,na,na,na,na,5
3431174525.000000, 1.216310,2820970452,na,na,na,na,377668205,na,9238463,na,na,na,na,na,na,3431174525,na,na,na,na,na,na,na,na,na,na,na,na,43374784,19488195,61043,na,na,na,na,na,na,na,na,na,na,na,na,na,na,na,na,na,na,na,5
3441528152.000000, 1.210434,2843218772,na,na,na,na,na,na,na,na,na,na,na,na,na,3441528152,na,na,na,na,na,na,na,na,na,na,na,na,na,na,na,1055662939,na,na,1191689,419072180,616216854,641782341,63625559,na,na,na,na,na,na,na,na,na,na,na,5
3463732225.000000, 1.214716,2851474803,na,na,na,na,na,na,na,na,na,na,na,na,na,3463732225,6509397833,1345798636,80800283,10819391,na,na,na,na,387525,na,na,na,na,na,na,na,na,na,na,na,na,na,na,na,na,na,na,na,na,na,na,na,na,202700268,5
3168549006.000000, 1.215874,2605985254,na,na,na,na,na,38531461,na,187658320,na,na,na,na,0,3168549006,na,1231455226,na,10142973,na,na,na,na,na,na,na,na,na,na,na,na,na,na,na,na,na,na,na,na,na,na,na,na,na,na,na,na,na,na,5
3185336511.000000, 1.214046,2623735472,na,na,na,na,na,na,na,na,na,na,na,na,na,3185336511,na,1235404154,na,na,na,4743975,7255515,na,355308,8317214,na,na,na,na,na,na,na,na,na,na,na,na,na,na,na,899194301,na,na,na,na,na,na,na,na,5
3183930560.000000, 1.206694,2638557704,na,na,na,na,na,na,na,na,na,na,na,na,na,3183930560,5998422844,1243033009,74007782,11166412,na,na,na,na,356986,na,na,na,na,na,na,na,na,na,na,na,na,na,na,na,na,na,na,na,na,na,na,na,na,187951676,5
3225901589.000000, 1.206650,2673436748,na,na,na,na,na,na,na,na,na,na,na,na,na,3225901589,na,1262521139,75020737,14541586,18656764,na,na,na,na,na,33023,213,na,na,na,na,na,na,na,na,na,na,na,na,na,na,na,na,na,na,na,na,na,na,5
3254346092.000000, 1.215903,2676486029,na,57859766,18279573,22849628,na,na,na,na,na,na,na,na,na,3254346092,na,na,na,na,na,na,na,1050756,na,na,na,na,na,na,na,na,na,na,na,na,na,na,na,na,na,na,na,21379018,18841,na,na,na,na,na,5
3232777946.000000, 1.207532,2677176976,na,na,na,na,na,na,na,na,na,na,na,na,na,3232777946,na,1263139605,na,na,na,6103910,7671345,na,362589,11246622,na,na,na,na,na,na,na,na,na,na,na,na,na,na,na,912437499,na,na,na,na,na,na,na,na,5
3260531679.000000, 1.203991,2708102665,920421912,60616898,na,na,na,na,na,na,na,na,na,na,na,3260531679,na,na,na,na,na,na,na,na,na,na,na,na,na,na,na,na,na,na,na,na,na,na,na,1554943055,3726536,920391085,8356697,na,na,na,na,na,na,na,5
3302391254.000000, 1.213346,2721722261,na,na,na,na,na,na,na,na,na,na,na,na,na,3302391254,na,1282666155,76797746,13716612,9708640,na,na,na,na,na,34217,277,na,na,na,na,na,na,na,na,na,na,na,na,na,na,na,na,na,na,na,na,na,na,5
3312627335.000000, 1.204634,2749903795,na,na,na,na,na,na,na,na,na,na,na,na,na,3312627335,na,na,na,na,na,na,na,na,na,na,na,na,na,na,na,1015903276,na,na,1150019,403320350,592941123,617596835,61368332,na,na,na,na,na,na,na,na,na,na,na,5
3401550251.000000, 1.226818,2772660150,na,na,na,na,na,na,na,na,46200792,1160681,na,na,na,3401550251,na,na,na,na,na,na,na,na,na,na,na,na,na,na,na,na,1243019165,na,na,na,na,na,na,na,na,na,na,na,na,0,1071412228,329840990,na,na,5
3404082059.000000, 1.222707,2784054466,na,na,na,na,351299768,na,9567028,na,na,na,na,na,na,3404082059,na,na,na,na,na,na,na,na,na,na,na,na,41958202,18656963,70571,na,na,na,na,na,na,na,na,na,na,na,na,na,na,na,na,na,na,na,5
3351451372.000000, 1.204074,2783425901,na,na,na,na,na,na,na,na,na,na,na,na,na,3351451372,6342327105,1310126843,78380177,14330174,na,na,na,na,388658,na,na,na,na,na,na,na,na,na,na,na,na,na,na,na,na,na,na,na,na,na,na,na,na,204403728,5
3431534766.000000, 1.215146,2823969690,na,na,na,na,na,na,na,na,51326304,1116488,na,na,na,3431534766,na,na,na,na,na,na,na,na,na,na,na,na,na,na,na,na,1254262977,na,na,na,na,na,na,na,na,na,na,na,na,0,1083792855,331875974,na,na,5
3384690294.000000, 1.196835,2828033330,na,na,na,na,na,na,na,na,na,na,1132800631,25296139,na,3384690294,na,na,na,na,na,na,na,na,na,na,na,na,na,na,na,na,na,0,1176604,412265798,na,na,na,na,na,na,na,na,na,na,na,na,3384689313,na,5
3464087241.000000, 1.213638,2854301339,na,na,na,na,na,na,na,na,na,na,na,na,na,3464087241,na,na,na,na,na,na,na,na,na,na,na,na,na,na,na,1060961711,na,na,1200858,421752140,619772944,645552192,64242428,na,na,na,na,na,na,na,na,na,na,na,5
3441836856.000000, 1.198392,2872044750,971734822,65618058,na,na,na,na,na,na,na,na,na,na,na,3441836856,na,na,na,na,na,na,na,na,na,na,na,na,na,na,na,na,na,na,na,na,na,na,na,1658521956,3655723,971702835,8862592,na,na,na,na,na,na,na,5
3168190375.000000, 1.221213,2594298996,na,na,na,na,na,na,na,na,na,na,1064417974,23997131,na,3168190375,na,na,na,na,na,na,na,na,na,na,na,na,na,na,na,na,na,1,1115001,386744664,na,na,na,na,na,na,na,na,na,na,na,na,3168190090,na,5
3184973273.000000, 1.216126,2618950972,na,55551777,17040713,21918514,na,na,na,na,na,na,na,na,na,3184973273,na,na,na,na,na,na,na,595277,na,na,na,na,na,na,na,na,na,na,na,na,na,na,na,na,na,na,na,20810622,13870,na,na,na,na,na,5
3183592513.000000, 1.212849,2624887021,na,na,na,na,na,na,na,na,na,na,na,na,na,3183592513,na,na,na,na,na,na,na,na,na,na,na,na,na,na,na,975256079,na,na,1105697,387341089,569416675,593157573,58879946,na,na,na,na,na,na,na,na,na,na,na,5
3225638485.000000, 1.209677,2666528495,na,na,na,na,na,na,na,na,na,na,na,na,na,3225638485,na,1260687929,na,na,na,6400409,8030876,na,339619,11668962,na,na,na,na,na,na,na,na,na,na,na,na,na,na,na,910615258,na,na,na,na,na,na,na,na,5
3232449430.000000, 1.209757,2671983173,na,57422457,17441407,22876166,na,na,na,na,na,na,na,na,na,3232449430,na,na,na,na,na,na,na,507808,na,na,na,na,na,na,na,na,na,na,na,na,na,na,na,na,na,na,na,21180838,15311,na,na,na,na,na,5
3254016044.000000, 1.217731,2672196613,na,na,na,na,na,37213645,na,199273618,na,na,na,na,0,3254016044,na,1262760343,na,11736235,na,na,na,na,na,na,na,na,na,na,na,na,na,na,na,na,na,na,na,na,na,na,na,na,na,na,na,na,na,na,5
3260156548.000000, 1.215909,2681250935,na,na,na,na,362669258,na,8980283,na,na,na,na,na,na,3260156548,na,na,na,na,na,na,na,na,na,na,na,na,41560747,19326408,62531,na,na,na,na,na,na,na,na,na,na,na,na,na,na,na,na,na,na,na,5
3302057120.000000, 1.215809,2715933935,na,na,na,na,na,na,na,na,na,na,na,na,na,3302057120,na,1281627392,na,na,na,5423276,8255578,na,362881,9967666,na,na,na,na,na,na,na,na,na,na,na,na,na,na,na,932142934,na,na,na,na,na,na,na,na,5
3312355054.000000, 1.203308,2752707048,935073294,59869851,na,na,na,na,na,na,na,na,na,na,na,3312355054,na,na,na,na,na,na,na,na,na,na,na,na,na,na,na,na,na,na,na,na,na,na,na,1567356981,3249058,935043545,8494341,na,na,na,na,na,na,na,5
3401181123.000000, 1.229915,2765379087,na,na,na,na,na,na,na,na,na,na,na,na,na,3401181123,6340174887,1316014292,80444363,14066025,na,na,na,na,323270,na,na,na,na,na,na,na,na,na,na,na,na,na,na,na,na,na,na,na,na,na,na,na,na,167515877,5
3403771022.000000, 1.225379,2777728597,na,na,na,na,na,na,na,na,49498904,990228,na,na,na,3403771022,na,na,na,na,na,na,na,na,na,na,na,na,na,na,na,na,1245565084,na,na,na,na,na,na,na,na,na,na,na,na,0,1072418468,330387518,na,na,5
3351137819.000000, 1.205241,2780470286,na,na,na,na,na,na,na,na,na,na,na,na,na,3351137819,na,na,na,na,na,na,na,na,na,na,na,na,na,na,na,1027253921,na,na,1168210,408467120,600093010,624959600,62296242,na,na,na,na,na,na,na,na,na,na,na,5
3431132774.000000, 1.217530,2818109030,na,na,na,na,na,na,na,na,na,na,na,na,na,3431132774,6441845622,1332002830,80217791,10428344,na,na,na,na,378665,na,na,na,na,na,na,na,na,na,na,na,na,na,na,na,na,na,na,na,na,na,na,na,na,200899449,5
3384281519.000000, 1.195400,2831086249,na,na,na,na,na,na,na,na,na,na,na,na,na,3384281519,na,1335386338,78535565,14178822,19646864,na,na,na,na,na,32776,102,na,na,na,na,na,na,na,na,na,na,na,na,na,na,na,na,na,na,na,na,na,na,5
3463731833.000000, 1.215983,2848503670,977841344,61036739,na,na,na,na,na,na,na,na,na,na,na,3463731833,na,na,na,na,na,na,na,na,na,na,na,na,na,na,na,na,na,na,na,na,na,na,na,1638013446,3162664,977810576,8789953,na,na,na,na,na,na,na,5
3441485110.000000, 1.200315,2867152379,na,na,na,na,389368038,na,8913680,na,na,na,na,na,na,3441485110,na,na,na,na,na,na,na,na,na,na,na,na,43305624,18318804,59715,na,na,na,na,na,na,na,na,na,na,na,na,na,na,na,na,na,na,na,5
3168204501.000000, 1.222210,2592194013,na,na,na,na,na,na,na,na,na,na,na,na,na,3168204501,na,1227226627,74365207,10097642,9875340,na,na,na,na,na,33287,99,na,na,na,na,na,na,na,na,na,na,na,na,na,na,na,na,na,na,na,na,na,na,5
3184981176.000000, 1.216302,2618578586,na,na,na,na,na,36697311,na,197258890,na,na,na,na,0,3184981176,na,1234494381,na,11960035,na,na,na,na,na,na,na,na,na,na,na,na,na,na,na,na,na,na,na,na,na,na,na,na,na,na,na,na,na,na,5
3183615335.000000, 1.212478,2625708751,898774485,56343540,na,na,na,na,na,na,na,na,na,na,na,3183615335,na,na,na,na,na,na,na,na,na,na,na,na,na,na,na,na,na,na,na,na,na,na,na,1508441603,2880891,898746366,8102447,na,na,na,na,na,na,na,5
3225664244.000000, 1.209447,2667056528,na,57393201,17734444,22785178,na,na,na,na,na,na,na,na,na,3225664244,na,na,na,na,na,na,na,322995,na,na,na,na,na,na,na,na,na,na,na,na,na,na,na,na,na,na,na,21246406,14482,na,na,na,na,na,5
3232504888.000000, 1.208566,2674662269,na,na,na,na,na,42352621,na,210340285,na,na,na,na,0,3232504888,na,1263275407,na,13738030,na,na,na,na,na,na,na,na,na,na,na,na,na,na,na,na,na,na,na,na,na,na,na,na,na,na,na,na,na,na,5
3254037041.000000, 1.215928,2676176224,na,na,na,na,na,na,na,na,na,na,1096362483,24006394,na,3254037041,na,na,na,na,na,na,na,na,na,na,na,na,na,na,na,na,na,0,1131004,396381221,na,na,na,na,na,na,na,na,na,na,na,na,3254036756,na,5
3260211880.000000, 1.215355,2682517946,na,na,na,na,na,na,na,na,43594963,889112,na,na,na,3260211880,na,na,na,na,na,na,na,na,na,na,na,na,na,na,na,na,1190307145,na,na,na,na,na,na,na,na,na,na,na,na,0,1028061648,315062280,na,na,5
3302067387.000000, 1.214626,2718588456,na,57340001,17008010,23194251,na,na,na,na,na,na,na,na,na,3302067387,na,na,na,na,na,na,na,409701,na,na,na,na,na,na,na,na,na,na,na,na,na,na,na,na,na,na,na,22145151,15768,na,na,na,na,na,5
3401137545.000000, 1.230338,2764393401,na,na,na,na,na,na,na,na,na,na,na,na,na,3401137545,na,na,na,na,na,na,na,na,na,na,na,na,na,na,na,1039428813,na,na,1204379,415254048,609066505,633879080,63954573,na,na,na,na,na,na,na,na,na,na,na,5
3312278209.000000, 1.193826,2774507001,na,na,na,na,392768274,na,8529075,na,na,na,na,na,na,3312278209,na,na,na,na,na,na,na,na,na,na,na,na,47904260,24898152,72581,na,na,na,na,na,na,na,na,na,na,na,na,na,na,na,na,na,na,na,5
3403766724.000000, 1.223578,2781814555,na,na,na,na,na,na,na,na,na,na,na,na,na,3403766724,6367791458,1321189108,80699219,11095145,na,na,na,na,352111,na,na,na,na,na,na,na,na,na,na,na,na,na,na,na,na,na,na,na,na,na,na,na,na,171960198,5
3351137778.000000, 1.206049,2778608179,945961121,59636547,na,na,na,na,na,na,na,na,na,na,na,3351137778,na,na,na,na,na,na,na,na,na,na,na,na,na,na,na,na,na,na,na,na,na,na,na,1575398061,2972407,945931450,8574249,na,na,na,na,na,na,na,5
3384279836.000000, 1.209157,2798874385,na,na,na,na,na,na,na,na,na,na,na,na,na,3384279836,na,1321634189,na,na,na,6275785,7803418,na,379085,11506325,na,na,na,na,na,na,na,na,na,na,na,na,na,na,na,955267680,na,na,na,na,na,na,na,na,5
3431155716.000000, 1.216807,2819801631,na,na,na,na,na,na,na,na,na,na,na,na,na,3431155716,na,na,na,na,na,na,na,na,na,na,na,na,na,na,na,1051051949,na,na,1197937,418250192,614446263,639789175,63833546,na,na,na,na,na,na,na,na,na,na,na,5
3463748220.000000, 1.214277,2852518407,na,na,na,na,381876295,na,9205554,na,na,na,na,na,na,3463748220,na,na,na,na,na,na,na,na,na,na,na,na,44176859,18636020,72508,na,na,na,na,na,na,na,na,na,na,na,na,na,na,na,na,na,na,na,5
3441528261.000000, 1.206118,2853392241,na,na,na,na,na,na,na,na,52448233,898032,na,na,na,3441528261,na,na,na,na,na,na,na,na,na,na,na,na,na,na,na,na,1257902474,na,na,na,na,na,na,na,na,na,na,na,na,0,1093566427,335959629,na,na,5
3168178062.000000, 1.221828,2592982945,na,na,na,na,na,na,na,na,na,na,na,na,na,3168178062,na,1227438444,na,na,na,4297501,5771712,na,346018,7257833,na,na,na,na,na,na,na,na,na,na,na,na,na,na,na,894122705,na,na,na,na,na,na,na,na,5
3184992450.000000, 1.213953,2623654296,na,na,na,na,na,na,na,na,na,na,1077422593,23993143,na,3184992450,na,na,na,na,na,na,na,na,na,na,na,na,na,na,na,na,na,1,1105973,387591401,na,na,na,na,na,na,na,na,na,na,na,na,3184990251,na,5
3183619280.000000, 1.205872,2640097297,na,na,na,na,359444990,na,8260802,na,na,na,na,na,na,3183619280,na,na,na,na,na,na,na,na,na,na,na,na,41825178,18547944,61088,na,na,na,na,na,na,na,na,na,na,na,na,na,na,na,na,na,na,na,5
3254041366.000000, 1.217267,2673236099,na,na,na,na,na,na,na,na,na,na,na,na,na,3254041366,na,1263224205,75735840,11734774,9447314,na,na,na,na,na,31788,92,na,na,na,na,na,na,na,na,na,na,na,na,na,na,na,na,na,na,na,na,na,na,5
3225658171.000000, 1.203652,2679893113,na,na,na,na,na,40286898,na,212873838,na,na,na,na,0,3225658171,na,1265070898,na,14905325,na,na,na,na,na,na,na,na,na,na,na,na,na,na,na,na,na,na,na,na,na,na,na,na,na,na,na,na,na,na,5
3232463464.000000, 1.199138,2695656720,na,na,na,na,na,na,na,na,na,na,1082482629,24513699,na,3232463464,na,na,na,na,na,na,na,na,na,na,na,na,na,na,na,na,na,1,1139014,394818103,na,na,na,na,na,na,na,na,na,na,na,na,3232463179,na,5
3260192116.000000, 1.210159,2694018836,na,na,na,na,na,na,na,na,na,na,na,na,na,3260192116,6135952288,1269328904,76289346,13126116,na,na,na,na,362798,na,na,na,na,na,na,na,na,na,na,na,na,na,na,na,na,na,na,na,na,na,na,na,na,186725001,5
3302108311.000000, 1.213767,2720544975,na,na,na,na,na,37925206,na,207999612,na,na,na,na,0,3302108311,na,1283810486,na,13686549,na,na,na,na,na,na,na,na,na,na,na,na,na,na,na,na,na,na,na,na,na,na,na,na,na,na,na,na,na,na,5
3312280786.000000, 1.204790,2749259145,na,na,na,na,na,na,na,na,49748302,861756,na,na,na,3312280786,na,na,na,na,na,na,na,na,na,na,na,na,na,na,na,na,1210457669,na,na,na,na,na,na,na,na,na,na,na,na,0,1048965255,321188980,na,na,5
3401150731.000000, 1.230278,2764537282,959949125,60588402,na,na,na,na,na,na,na,na,na,na,na,3401150731,na,na,na,na,na,na,na,na,na,na,na,na,na,na,na,na,na,na,na,na,na,na,na,1598962372,3019054,959918218,8530847,na,na,na,na,na,na,na,5
3403684551.000000, 1.226150,2775911230,na,na,na,na,na,na,na,na,na,na,na,na,na,3403684551,na,na,na,na,na,na,na,na,na,na,na,na,na,na,na,1041968327,na,na,1207872,416253384,610341508,635224840,64174686,na,na,na,na,na,na,na,na,na,na,na,5
3384260693.000000, 1.209493,2798082143,na,59612731,18221635,23794595,na,na,na,na,na,na,na,na,na,3384260693,na,na,na,na,na,na,na,558288,na,na,na,na,na,na,na,na,na,na,na,na,na,na,na,na,na,na,na,22189667,15656,na,na,na,na,na,5
3351154136.000000, 1.198450,2796240201,na,na,na,na,398432773,na,8819957,na,na,na,na,na,na,3351154136,na,na,na,na,na,na,na,na,na,na,na,na,48291815,25525464,73429,na,na,na,na,na,na,na,na,na,na,na,na,na,na,na,na,na,na,na,5
3431154174.000000, 1.215443,2822966849,968549979,60909394,na,na,na,na,na,na,na,na,na,na,na,3431154174,na,na,na,na,na,na,na,na,na,na,na,na,na,na,na,na,na,na,na,na,na,na,na,1629039362,3045196,968519449,8711149,na,na,na,na,na,na,na,5
3441486570.000000, 1.214917,2832693312,na,na,na,na,na,na,na,na,na,na,na,na,na,3441486570,6466274518,1335261747,79987559,11830590,na,na,na,na,374819,na,na,na,na,na,na,na,na,na,na,na,na,na,na,na,na,na,na,na,na,na,na,na,na,204391956,5
3463733046.000000, 1.206012,2872055551,na,na,na,na,na,na,na,na,51425170,959345,na,na,na,3463733046,na,na,na,na,na,na,na,na,na,na,na,na,na,na,na,na,1265528340,na,na,na,na,na,na,na,na,na,na,na,na,0,1100963768,339438128,na,na,5
3168194017.000000, 1.221789,2593077456,na,56387598,17331739,22317528,na,na,na,na,na,na,na,na,na,3168194017,na,na,na,na,na,na,na,332536,na,na,na,na,na,na,na,na,na,na,na,na,na,na,na,na,na,na,na,20758895,14619,na,na,na,na,na,5
3183589583.000000, 1.214462,2621399040,na,na,na,na,na,na,na,na,45309578,838507,na,na,na,3183589583,na,na,na,na,na,na,na,na,na,na,na,na,na,na,na,na,1162526684,na,na,na,na,na,na,na,na,na,na,na,na,0,1005723189,307645013,na,na,5
3184990060.000000, 1.214756,2621916993,na,na,na,na,na,na,na,na,na,na,na,na,na,3184990060,na,1236132129,74030988,11965078,10093868,na,na,na,na,na,30860,105,na,na,na,na,na,na,na,na,na,na,na,na,na,na,na,na,na,na,na,na,na,na,5
3225640868.000000, 1.204122,2678831393,na,na,na,na,na,na,na,na,na,na,1082213023,24147315,na,3225640868,na,na,na,na,na,na,na,na,na,na,na,na,na,na,na,na,na,0,1120664,392875303,na,na,na,na,na,na,na,na,na,na,na,na,3225640409,na,5
3260187782.000000, 1.214099,2685272949,na,na,na,na,na,na,na,na,na,na,na,na,na,3260187782,na,na,na,na,na,na,na,na,na,na,na,na,na,na,na,996768404,na,na,1141141,397133300,583262760,607143655,60766162,na,na,na,na,na,na,na,na,na,na,na,5
3254022863.000000, 1.205268,2699832967,na,na,na,na,na,na,na,na,na,na,na,na,na,3254022863,na,1273562821,na,na,na,4410583,7336839,na,347715,8104320,na,na,na,na,na,na,na,na,na,na,na,na,na,na,na,918588369,na,na,na,na,na,na,na,na,5
3232484739.000000, 1.195570,2703718717,na,na,na,na,na,na,na,na,na,na,na,na,na,3232484739,na,1275337416,75771580,13707696,18987987,na,na,na,na,na,35503,97,na,na,na,na,na,na,na,na,na,na,na,na,na,na,na,na,na,na,na,na,na,na,5
3302070911.000000, 1.215678,2716238221,na,na,na,na,na,na,na,na,na,na,1120828112,24825554,na,3302070911,na,na,na,na,na,na,na,na,na,na,na,na,na,na,na,na,na,0,1142700,401405654,na,na,na,na,na,na,na,na,na,na,na,na,3302070626,na,5
3312315727.000000, 1.205035,2748730015,na,na,na,na,na,na,na,na,na,na,na,na,na,3312315727,6264319309,1297040088,77036063,14197785,na,na,na,na,370041,na,na,na,na,na,na,na,na,na,na,na,na,na,na,na,na,na,na,na,na,na,na,na,na,198159985,5
3401141394.000000, 1.228910,2767608301,na,na,na,na,342048899,na,9356345,na,na,na,na,na,na,3401141394,na,na,na,na,na,na,na,na,na,na,na,na,41540579,19569707,60102,na,na,na,na,na,na,na,na,na,na,na,na,na,na,na,na,na,na,na,5
3403686843.000000, 1.219306,2791494418,960635559,62759598,na,na,na,na,na,na,na,na,na,na,na,3403686843,na,na,na,na,na,na,na,na,na,na,na,na,na,na,na,na,na,na,na,na,na,na,na,1619338761,2981367,960604535,8614032,na,na,na,na,na,na,na,5
3351135355.000000, 1.202004,2787957867,na,na,na,na,na,na,na,na,49176565,909799,na,na,na,3351135355,na,na,na,na,na,na,na,na,na,na,na,na,na,na,na,na,1225139621,na,na,na,na,na,na,na,na,na,na,na,na,0,1061446917,325699690,na,na,5
3384255666.000000, 1.209342,2798426397,na,na,na,na,na,43462305,na,223969490,na,na,na,na,0,3384255666,na,1321736479,na,14073524,na,na,na,na,na,na,na,na,na,na,na,na,na,na,na,na,na,na,na,na,na,na,na,na,na,na,na,na,na,na,5
3431142366.000000, 1.217615,2817920110,na,na,na,na,377028636,na,9142867,na,na,na,na,na,na,3431142366,na,na,na,na,na,na,na,na,na,na,na,na,43361123,19453952,60768,na,na,na,na,na,na,na,na,na,na,na,na,na,na,na,na,na,na,na,5
3441499412.000000, 1.214664,2833293576,na,na,na,na,na,na,na,na,na,na,na,na,na,3441499412,na,na,na,na,na,na,na,na,na,na,na,na,na,na,na,1054699024,na,na,1191689,419005149,616958129,640783789,63625479,na,na,na,na,na,na,na,na,na,na,na,5
3463722845.000000, 1.211608,2858781298,na,na,na,na,na,na,na,na,na,na,na,na,na,3463722845,6514358485,1348383351,80723738,10852709,na,na,na,na,386560,na,na,na,na,na,na,na,na,na,na,na,na,na,na,na,na,na,na,na,na,na,na,na,na,201222987,5
3168185179.000000, 1.217136,2602983441,na,na,na,na,na,37589917,na,185478782,na,na,na,na,0,3168185179,na,1231993591,na,10074082,na,na,na,na,na,na,na,na,na,na,na,na,na,na,na,na,na,na,na,na,na,na,na,na,na,na,na,na,na,na,5
3183584081.000000, 1.214615,2621064957,na,na,na,na,na,na,na,na,na,na,na,na,na,3183584081,5984714403,1237157251,74014462,11096650,na,na,na,na,355558,na,na,na,na,na,na,na,na,na,na,na,na,na,na,na,na,na,na,na,na,na,na,na,na,189147212,5
3184964579.000000, 1.213666,2624250624,na,na,na,na,na,na,na,na,na,na,na,na,na,3184964579,na,1237168569,na,na,na,4706300,7237792,na,355258,8278309,na,na,na,na,na,na,na,na,na,na,na,na,na,na,na,899044846,na,na,na,na,na,na,na,na,5
3225644886.000000, 1.209753,2666366679,na,na,na,na,na,na,na,na,na,na,na,na,na,3225644886,na,1260693117,74963751,14432946,18656802,na,na,na,na,na,31488,69,na,na,na,na,na,na,na,na,na,na,na,na,na,na,na,na,na,na,na,na,na,na,5
3260188120.000000, 1.215174,2682897560,920273407,57483671,na,na,na,na,na,na,na,na,na,na,na,3260188120,na,na,na,na,na,na,na,na,na,na,na,na,na,na,na,na,na,na,na,na,na,na,na,1535044253,3064280,920244252,8278921,na,na,na,na,na,na,na,5
3254042798.000000, 1.211280,2686450354,na,59253846,18401725,23931726,na,na,na,na,na,na,na,na,na,3254042798,na,na,na,na,na,na,na,305220,na,na,na,na,na,na,na,na,na,na,na,na,na,na,na,na,na,na,na,22871826,14582,na,na,na,na,na,5
3232439435.000000, 1.195882,2702974427,na,na,na,na,na,na,na,na,na,na,na,na,na,3232439435,na,1275346201,na,na,na,6079436,7622802,na,362161,11192002,na,na,na,na,na,na,na,na,na,na,na,na,na,na,na,912288874,na,na,na,na,na,na,na,na,5
3302072609.000000, 1.215609,2716392761,na,na,na,na,na,na,na,na,na,na,na,na,na,3302072609,na,1281710730,76730992,13677588,9683449,na,na,na,na,na,31815,66,na,na,na,na,na,na,na,na,na,na,na,na,na,na,na,na,na,na,na,na,na,na,5
3312298202.000000, 1.204552,2749816951,na,na,na,na,na,na,na,na,na,na,na,na,na,3312298202,na,na,na,na,na,na,na,na,na,na,na,na,na,na,na,1016084041,na,na,1150019,403239841,592877890,617568565,61276716,na,na,na,na,na,na,na,na,na,na,na,5
3401128663.000000, 1.224284,2778054564,na,na,na,na,na,na,na,na,47227100,936681,na,na,na,3401128663,na,na,na,na,na,na,na,na,na,na,na,na,na,na,na,na,1243234729,na,na,na,na,na,na,na,na,na,na,na,na,0,1073767679,331880008,na,na,5
3351120825.000000, 1.206326,2777956550,na,na,na,na,na,na,na,na,na,na,na,na,na,3351120825,6336867300,1309347712,78309980,14311210,na,na,na,na,384648,na,na,na,na,na,na,na,na,na,na,na,na,na,na,na,na,na,na,na,na,na,na,na,na,202764024,5
3403678203.000000, 1.222499,2784196209,na,na,na,na,348157534,na,9284134,na,na,na,na,na,na,3403678203,na,na,na,na,na,na,na,na,na,na,na,na,41695793,18362587,64222,na,na,na,na,na,na,na,na,na,na,na,na,na,na,na,na,na,na,na,5
3384279882.000000, 1.209299,2798547803,na,na,na,na,na,na,na,na,na,na,1138642414,25293365,na,3384279882,na,na,na,na,na,na,na,na,na,na,na,na,na,na,na,na,na,1,1176604,412150640,na,na,na,na,na,na,na,na,na,na,na,na,3384279597,na,5
3431130360.000000, 1.216522,2820441427,na,na,na,na,na,na,na,na,51096619,928093,na,na,na,3431130360,na,na,na,na,na,na,na,na,na,na,na,na,na,na,na,na,1254259561,na,na,na,na,na,na,na,na,na,na,na,na,0,1083460492,331796704,na,na,5
3441472922.000000, 1.214826,2832893190,971581140,60267142,na,na,na,na,na,na,na,na,na,na,na,3441472922,na,na,na,na,na,na,na,na,na,na,na,na,na,na,na,na,na,na,na,na,na,na,na,1628217447,2980032,971550948,8741782,na,na,na,na,na,na,na,5
3463725993.000000, 1.216281,2847800529,na,na,na,na,na,na,na,na,na,na,na,na,na,3463725993,na,na,na,na,na,na,na,na,na,na,na,na,na,na,na,1060784434,na,na,1200858,421742968,619736808,645532628,64241897,na,na,na,na,na,na,na,na,na,na,na,5
3168175545.000000, 1.211375,2615355764,na,na,na,na,na,na,na,na,na,na,1058465599,24003480,na,3168175545,na,na,na,na,na,na,na,na,na,na,na,na,na,na,na,na,na,0,1115001,386843976,na,na,na,na,na,na,na,na,na,na,na,na,3168175260,na,5
3184958624.000000, 1.216432,2618279885,na,55273385,16773177,21991827,na,na,na,na,na,na,na,na,na,3184958624,na,na,na,na,na,na,na,485821,na,na,na,na,na,na,na,na,na,na,na,na,na,na,na,na,na,na,na,20808239,13470,na,na,na,na,na,5
3183637868.000000, 1.200006,2653018632,na,na,na,na,na,na,na,na,na,na,na,na,na,3183637868,na,na,na,na,na,na,na,na,na,na,na,na,na,na,na,977511717,na,na,1105697,387488963,569600494,593379722,58881207,na,na,na,na,na,na,na,na,na,na,na,5
3225652476.000000, 1.209551,2666818721,na,na,na,na,na,na,na,na,na,na,na,na,na,3225652476,na,1260516550,na,na,na,6451622,8062962,na,340392,11728956,na,na,na,na,na,na,na,na,na,na,na,na,na,na,na,910622405,na,na,na,na,na,na,na,na,5
3232458119.000000, 1.209047,2673559618,na,57871499,17818715,22833354,na,na,na,na,na,na,na,na,na,3232458119,na,na,na,na,na,na,na,616548,na,na,na,na,na,na,na,na,na,na,na,na,na,na,na,na,na,na,na,21300522,15390,na,na,na,na,na,5
3260172257.000000, 1.215956,2681160073,na,na,na,na,362661323,na,9048637,na,na,na,na,na,na,3260172257,na,na,na,na,na,na,na,na,na,na,na,na,41513291,19258555,62584,na,na,na,na,na,na,na,na,na,na,na,na,na,na,na,na,na,na,na,5
3302089776.000000, 1.215424,2716820447,na,na,na,na,na,na,na,na,na,na,na,na,na,3302089776,na,1281872286,na,na,na,5424456,8255889,na,363771,9968811,na,na,na,na,na,na,na,na,na,na,na,na,na,na,na,932156950,na,na,na,na,na,na,na,na,5
3312312649.000000, 1.206696,2744943234,935055069,59071125,na,na,na,na,na,na,na,na,na,na,na,3312312649,na,na,na,na,na,na,na,na,na,na,na,na,na,na,na,na,na,na,na,na,na,na,na,1560445416,3091337,935025590,8470383,na,na,na,na,na,na,na,5
3276702454.000000, 1.193391,2745707510,na,na,na,na,na,37692868,na,213539513,na,na,na,na,0,3276702454,na,1280628110,na,12034869,na,na,na,na,na,na,na,na,na,na,na,na,na,na,na,na,na,na,na,na,na,na,na,na,na,na,na,na,na,na,5
3401130370.000000, 1.229165,2767024455,na,na,na,na,na,na,na,na,na,na,na,na,na,3401130370,6341801586,1317217963,80388780,14067169,na,na,na,na,323347,na,na,na,na,na,na,na,na,na,na,na,na,na,na,na,na,na,na,na,na,na,na,na,na,166336682,5
3403702041.000000, 1.225811,2776694864,na,na,na,na,na,na,na,na,49509224,949056,na,na,na,3403702041,na,na,na,na,na,na,na,na,na,na,na,na,na,na,na,na,1245543655,na,na,na,na,na,na,na,na,na,na,na,na,0,1072448504,330331468,na,na,5
3384261163.000000, 1.209387,2798328048,na,na,na,na,na,na,na,na,na,na,na,na,na,3384261163,na,1321652457,78741236,14076571,19764020,na,na,na,na,na,32666,81,na,na,na,na,na,na,na,na,na,na,na,na,na,na,na,na,na,na,na,na,na,na,5
3351131261.000000, 1.197154,2799248777,na,na,na,na,na,na,na,na,na,na,na,na,na,3351131261,na,na,na,na,na,na,na,na,na,na,na,na,na,na,na,1028847916,na,na,1168210,408559601,600200620,625088571,62296601,na,na,na,na,na,na,na,na,na,na,na,5
3431164165.000000, 1.214326,2825571999,na,na,na,na,na,na,na,na,na,na,na,na,na,3431164165,6449606782,1335186004,80188662,10443592,na,na,na,na,377461,na,na,na,na,na,na,na,na,na,na,na,na,na,na,na,na,na,na,na,na,na,na,na,na,198209090,5
3441490794.000000, 1.213256,2836575308,na,na,na,na,386562889,na,8910215,na,na,na,na,na,na,3441490794,na,na,na,na,na,na,na,na,na,na,na,na,43423734,18343629,60352,na,na,na,na,na,na,na,na,na,na,na,na,na,na,na,na,na,na,na,5
3463721594.000000, 1.215509,2849606050,977834105,61096210,na,na,na,na,na,na,na,na,na,na,na,3463721594,na,na,na,na,na,na,na,na,na,na,na,na,na,na,na,na,na,na,na,na,na,na,na,1638968033,3097252,977803392,8793353,na,na,na,na,na,na,na,5
